LABELS;S_2;S_0;C_2;C_0;S_1;S_3;C_1;S_4;C_3;C_4
JOB ID;2;0;2;0;1;3;1;4;3;4
EVENT TYPE;0;0;1;1;0;0;1;0;1;1
TIME;0.0;0.26;2.43;4.36;4.36;4.36;5.19;5.61;6.34;7.0557799999999995
RESOURCE JOB 0;0.0;27.68000000000002;46.62999999999998;0.0;0.0;0.0;0.0;0.0;0.0;0.0
RESOURCE JOB 1;0.0;0.0;0.0;0.0;0.0;25.97;0.0;0.0;0.0;0.0
RESOURCE JOB 2;13.0;80.82;0.0;0.0;0.0;0.0;0.0;0.0;0.0;0.0
RESOURCE JOB 3;0.0;0.0;0.0;0.0;0.0;6.0589999999999975;17.082000000000008;5.3289999999999935;0.0;0.0
RESOURCE JOB 4;0.0;0.0;0.0;0.0;0.0;0.0;0.0;31.171000000000006;35.78899999999999;0.0
