LABELS;S_4;S_1;C_4;C_1;S_3;S_0;S_2;C_3;C_0;C_2
JOB ID;4;1;4;1;3;0;2;3;0;2
EVENT TYPE;0;0;1;1;0;0;0;1;1;1
TIME;0.32;1.82390625;1.82390625;3.16510625;3.16510625;4.183502476415095;4.183502476415095;4.183502476415095;8.134138228097967;8.134138228097967
RESOURCE JOB 0;0.0;0.0;0.0;0.0;0.0;99.83;0.0;0.0;0.0;0.0
RESOURCE JOB 1;0.0;67.06;0.0;0.0;0.0;0.0;0.0;0.0;0.0;0.0
RESOURCE JOB 2;0.0;0.0;0.0;0.0;0.0;52.82;0.0;0.0;0.0;0.0
RESOURCE JOB 3;0.0;0.0;0.0;0.0;21.59;0.0;0.0;0.0;0.0;0.0
RESOURCE JOB 4;15.4;0.0;0.0;0.0;0.0;0.0;0.0;0.0;0.0;0.0
