LABELS;S_3;S_2;S_0;C_3;S_4;C_2;S_1;C_4;C_0;C_1
JOB ID;3;2;0;3;4;2;1;4;0;1
EVENT TYPE;0;0;0;1;0;1;0;1;1;1
TIME;0.76;2.1025785622040445;2.41939110945088;2.41939110945088;3.07;4.59;5.67;5.67;8.19;8.19
RESOURCE JOB 0;0.0;0.0;0.0;5.465114680612608;5.487200000000001;9.072000000000003;10.195685319387387;0.0;0.0;0.0
RESOURCE JOB 1;0.0;0.0;0.0;0.0;0.0;0.0;74.38;0.0;0.0;0.0
RESOURCE JOB 2;0.0;7.359555472543991;0.0;15.11364452745605;33.76679999999996;0.0;0.0;0.0;0.0;0.0
RESOURCE JOB 3;67.12892811020222;8.481071889797775;0.0;0.0;0.0;0.0;0.0;0.0;0.0;0.0
RESOURCE JOB 4;0.0;0.0;0.0;0.0;36.74600000000004;38.12399999999997;0.0;0.0;0.0;0.0
