LABELS;S_3;S_0;S_1;C_0;S_4;C_1;C_4;S_2;C_2;C_3
JOB ID;3;0;1;0;4;1;4;2;2;3
EVENT TYPE;0;0;0;1;0;1;1;0;1;1
TIME;2.17;3.37;3.37;5.16666254635352;5.166662546353521;7.412548731922029;7.412548731922029;7.457037709877937;9.44;9.44
RESOURCE JOB 0;0.0;0.0;58.14;0.0;0.0;0.0;0.0;0.0;0.0;0.0
RESOURCE JOB 1;0.0;0.0;27.578770086526482;27.191229913473535;0.0;0.0;0.0;0.0;0.0;0.0
RESOURCE JOB 2;0.0;0.0;0.0;0.0;0.0;0.0;0.0;68.17000000000007;0.0;0.0
RESOURCE JOB 3;30.06000000000001;0.0;4.1143572311495635;5.143079364951886;0.0;0.0;1.1144488977954907;30.97811450610311;0.0;0.0
RESOURCE JOB 4;0.0;0.0;0.0;79.96;0.0;0.0;0.0;0.0;0.0;0.0
