LABELS;S_4;S_1;C_4;C_1;S_3;S_0;S_2;C_3;C_0;C_2
JOB ID;4;1;4;1;3;0;2;3;0;2
EVENT TYPE;0;0;1;1;0;0;0;1;1;1
TIME;0.32;1.8239062499999994;1.8239062499999994;3.165106249999999;3.3009680219020328;4.319364248317127;4.319364248317127;4.319364248317127;8.27;8.27
RESOURCE JOB 0;0.0;0.0;0.0;0.0;0.0;99.83;0.0;0.0;0.0;0.0
RESOURCE JOB 1;0.0;67.06;0.0;0.0;0.0;0.0;0.0;0.0;0.0;0.0
RESOURCE JOB 2;0.0;0.0;0.0;0.0;0.0;52.82000000000001;0.0;0.0;0.0;0.0
RESOURCE JOB 3;0.0;0.0;0.0;0.0;21.59;0.0;0.0;0.0;0.0;0.0
RESOURCE JOB 4;15.4;0.0;0.0;0.0;0.0;0.0;0.0;0.0;0.0;0.0
