LABELS;S_0;S_3;S_2;C_0;S_4;C_3;C_2;S_1;C_4;C_1
JOB ID;0;3;2;0;4;3;2;1;4;1
EVENT TYPE;0;0;0;1;0;1;1;0;1;1
TIME;1.24;1.24;2.32;3.1154447267789087;3.49;4.99;5.245996204933583;5.33;5.69;6.772451001529183
RESOURCE JOB 0;37.18439999999999;0.0;25.155600000000014;0.0;0.0;0.0;0.0;0.0;0.0;0.0
RESOURCE JOB 1;0.0;0.0;0.0;0.0;0.0;0.0;0.0;13.841799999000045;50.25820000099995;0.0
RESOURCE JOB 2;0.0;0.0;8.383987419249735;3.9478125797503054;15.810000001000002;2.6981999999999573;0.0;0.0;0.0;0.0
RESOURCE JOB 3;8.6184;0.0;6.232648919695686;2.988951080304311;11.970000000000002;0.0;0.0;0.0;0.0;0.0
RESOURCE JOB 4;0.0;0.0;0.0;0.0;47.21999999900001;10.1016102466792;4.200189753320842;4.158200000999955;0.0;0.0
