LABELS;S_2;S_1;S_0;C_0;C_1;S_4;C_2;S_3;C_3;C_4
JOB ID;2;1;0;0;1;4;2;3;3;4
EVENT TYPE;0;0;0;1;1;0;1;0;1;1
TIME;0.73;0.8399999999999999;2.24;3.396234837457545;3.396234837457545;3.396234837457545;3.5004845814977976;3.500484581497798;5.080000001;5.41
RESOURCE JOB 0;0.0;0.0;23.83;0.0;0.0;0.0;0.0;0.0;0.0;0.0
RESOURCE JOB 1;0.0;27.464788937409047;7.735211062590956;0.0;0.0;0.0;0.0;0.0;0.0;0.0
RESOURCE JOB 2;2.497;31.78000000000001;26.246530810286266;0.0;2.366469189713726;0.0;0.0;0.0;0.0;0.0
RESOURCE JOB 3;0.0;0.0;0.0;0.0;0.0;0.0;0.0;26.61;0.0;0.0
RESOURCE JOB 4;0.0;0.0;0.0;0.0;2.846018012298927;0.0;0.0;52.36577097511011;16.388211012590958;0.0
