LABELS;S_2;S_4;S_1;C_4;C_2;S_0;C_0;C_1;S_3;C_3
JOB ID;2;4;1;4;2;0;0;1;3;3
EVENT TYPE;0;0;0;1;1;0;1;1;0;1
TIME;1.12;1.12;3.56;3.56;3.92;4.0;5.904992000000001;5.904992000000001;5.904992000000001;8.487433113490365
RESOURCE JOB 0;0.0;0.0;0.0;0.0;0.0;21.66;0.0;0.0;0.0;0.0
RESOURCE JOB 1;0.0;0.0;3.9399999999999977;0.0;0.05040000000000022;73.5896;0.0;0.0;0.0;0.0
RESOURCE JOB 2;0.0;33.379999999999995;14.060000000000002;0.0;0.0;0.0;0.0;0.0;0.0;0.0
RESOURCE JOB 3;0.0;0.0;0.0;0.0;0.0;0.0;0.0;0.0;24.12;0.0
RESOURCE JOB 4;0.0;88.62;0.0;0.0;0.0;0.0;0.0;0.0;0.0;0.0
