LABELS;S_2;S_0;C_2;S_1;S_3;C_0;C_1;S_4;C_3;C_4
JOB ID;2;0;2;1;3;0;1;4;3;4
EVENT TYPE;0;0;1;0;0;1;1;0;1;1
TIME;0.73;3.5004845814977976;3.5004845814977976;3.987005887036557;4.47;4.656719418955342;5.32;5.32;6.8;6.970549999999999
RESOURCE JOB 0;0.0;10.027204107153835;0.0;9.954508668176539;3.8482872246696243;0.0;0.0;0.0;0.0;0.0
RESOURCE JOB 1;0.0;0.0;0.0;14.195196979995607;0.847706162057257;20.157096857947153;0.0;0.0;0.0;0.0
RESOURCE JOB 2;62.89;0.0;0.0;0.0;0.0;0.0;0.0;0.0;0.0;0.0
RESOURCE JOB 3;0.0;0.0;0.0;0.0;3.444973279726071;12.237526720273934;0.0;10.927499999999995;0.0;0.0
RESOURCE JOB 4;0.0;0.0;0.0;0.0;0.0;0.0;0.0;63.072500000000005;8.52749999999999;0.0
