LABELS;S_0;C_0;S_2;C_2;S_3;C_3;S_4;C_4;S_1;C_1
JOB ID;0;0;2;2;3;3;4;4;1;1
EVENT TYPE;0;1;0;1;0;1;0;1;0;1
TIME;0.0;1.3821999999999983;3.31;4.749599999999997;4.749599999999997;6.649999999999997;6.649999999999997;8.977951564076687;9.187445476139063;10.26
RESOURCE JOB 0;69.11;0.0;0.0;0.0;0.0;0.0;0.0;0.0;0.0;0.0
RESOURCE JOB 1;0.0;0.0;0.0;0.0;0.0;0.0;0.0;0.0;49.67;0.0
RESOURCE JOB 2;0.0;0.0;71.97999999999988;0.0;0.0;0.0;1.2789769243681803e-13;0.0;0.0;0.0
RESOURCE JOB 3;0.0;0.0;0.0;0.0;95.02;0.0;0.0;0.0;0.0;0.0
RESOURCE JOB 4;0.0;0.0;0.0;0.0;0.0;0.0;23.07;0.0;0.0;0.0
