LABELS;S_4;S_2;S_1;C_2;C_4;C_1;S_3;S_0;C_0;C_3
JOB ID;4;2;1;2;4;1;3;0;0;3
EVENT TYPE;0;0;0;1;1;1;0;0;1;1
TIME;0.27;1.12;2.41;2.41;3.56;4.5428;4.5428;4.8081581233709825;6.69;7.125241113490364
RESOURCE JOB 0;0.0;0.0;0.0;0.0;0.0;0.0;0.0;21.66;0.0;0.0
RESOURCE JOB 1;0.0;0.0;28.439999999999998;0.0;49.14;0.0;0.0;0.0;0.0;0.0
RESOURCE JOB 2;0.0;47.44;0.0;0.0;0.0;0.0;0.0;0.0;0.0;0.0
RESOURCE JOB 3;0.0;0.0;0.0;0.0;0.0;0.0;2.4784448722849817;17.576403127715025;4.065151999999994;0.0
RESOURCE JOB 4;42.50000000000001;17.060000000000002;29.059999999999995;0.0;0.0;0.0;0.0;0.0;0.0;0.0
