LABELS;S_0;S_1;C_0;C_1;S_2;C_2;S_4;S_3;C_3;C_4
JOB ID;0;1;0;1;2;2;4;3;3;4
EVENT TYPE;0;0;1;1;0;1;0;0;1;1
TIME;0.0;0.18;2.3756;2.3756;3.31;4.7496;4.7496;5.9;9.46;9.46
RESOURCE JOB 0;9.0;60.11;0.0;0.0;0.0;0.0;0.0;0.0;0.0;0.0
RESOURCE JOB 1;0.0;49.67;0.0;0.0;0.0;0.0;0.0;0.0;0.0;0.0
RESOURCE JOB 2;0.0;0.0;0.0;0.0;71.98;0.0;0.0;0.0;0.0;0.0
RESOURCE JOB 3;0.0;0.0;0.0;0.0;0.0;0.0;0.0;95.02;0.0;0.0
RESOURCE JOB 4;0.0;0.0;0.0;0.0;0.0;0.0;11.400464;11.669536;0.0;0.0
