LABELS;S_1;S_0;S_2;C_2;S_4;S_3;C_0;C_3;C_1;C_4
JOB ID;1;0;2;2;4;3;0;3;1;4
EVENT TYPE;0;0;0;1;0;0;1;1;1;1
TIME;2.41;2.7;2.7;4.43;4.7;5.241992373689229;7.15;7.15;8.62;8.62
RESOURCE JOB 0;0.0;0.0;24.29890000000001;9.731100000000012;20.419561487130608;29.650438512869364;0.0;0.0;0.0;0.0
RESOURCE JOB 1;14.5;0.0;3.5810999999999984;0.5589000000000013;1.121924213536703;3.9495757864632974;57.5385;0.0;0.0;0.0
RESOURCE JOB 2;0.0;0.0;58.62;0.0;0.0;0.0;0.0;0.0;0.0;0.0
RESOURCE JOB 3;0.0;0.0;0.0;0.0;0.0;40.03;0.0;0.0;0.0;0.0
RESOURCE JOB 4;0.0;0.0;0.0;0.0;5.558132983794152;21.770367016205903;15.961499999999944;0.0;0.0;0.0
