LABELS;S_2;S_3;C_2;S_1;C_3;S_0;S_4;C_1;C_0;C_4
JOB ID;2;3;2;1;3;0;4;1;0;4
EVENT TYPE;0;0;1;0;1;0;0;1;1;1
TIME;1.2;2.190544871794872;2.5252788104089214;4.85;4.85;4.92;7.4799999999999995;7.48;10.367459807073956;10.367459807073956
RESOURCE JOB 0;0.0;0.0;0.0;0.0;0.0;32.17340836012861;0.0;29.336591639871386;0.0;0.0
RESOURCE JOB 1;0.0;0.0;0.0;2.672600000000017;0.0;75.37739999999998;0.0;0.0;0.0;0.0
RESOURCE JOB 2;31.974788461538473;10.805211538461528;0.0;0.0;0.0;0.0;0.0;0.0;0.0;0.0
RESOURCE JOB 3;0.0;4.177479553903339;29.01252044609666;0.0;0.0;0.0;0.0;0.0;0.0;0.0
RESOURCE JOB 4;0.0;0.0;0.0;0.0;0.0;0.0;0.0;53.88;0.0;0.0
