LABELS;S_1;S_2;C_1;S_0;C_2;S_4;C_0;S_3;C_4;C_3
JOB ID;1;2;1;0;2;4;0;3;4;3
EVENT TYPE;0;0;1;0;1;0;1;0;1;1
TIME;0.15;0.15;1.354744069912609;2.422304699832358;2.422304699832358;2.422304699832358;6.607083333333334;6.607083333333334;6.607083333333334;9.43
RESOURCE JOB 0;0.0;0.0;0.0;0.0;65.0;0.0;0.0;0.0;0.0;0.0
RESOURCE JOB 1;28.95;0.0;0.0;0.0;0.0;0.0;0.0;0.0;0.0;0.0
RESOURCE JOB 2;2.3131086142322093;0.0;41.66689138576779;0.0;0.0;0.0;0.0;0.0;0.0;0.0
RESOURCE JOB 3;0.0;0.0;0.0;0.0;0.0;0.0;0.0;46.07;0.0;0.0
RESOURCE JOB 4;0.0;0.0;0.0;0.0;85.46;0.0;0.0;0.0;0.0;0.0
