LABELS;S_2;S_3;C_2;S_0;S_1;C_3;S_4;C_1;C_0;C_4
JOB ID;2;3;2;0;1;3;4;1;0;4
EVENT TYPE;0;0;1;0;0;1;0;1;1;1
TIME;1.2;1.66;3.2499999999999996;3.25;4.209537572254338;4.319455128205127;5.45;6.8;7.23;9.14
RESOURCE JOB 0;0.0;0.0;16.08184971098273;0.0;1.1167623684600159;18.94793205128208;18.156655869275163;7.206800000000015;0.0;0.0
RESOURCE JOB 1;0.0;0.0;0.0;0.0;3.007344330813588;37.57931153846157;37.46334413072484;0.0;0.0;0.0
RESOURCE JOB 2;14.848800000000004;27.931199999999997;0.0;0.0;0.0;0.0;0.0;0.0;0.0;0.0
RESOURCE JOB 3;0.0;19.843200000000003;11.975028901734149;0.0;1.371771098265846;0.0;0.0;0.0;0.0;0.0
RESOURCE JOB 4;0.0;0.0;0.0;0.0;0.0;0.0;11.879999999999995;6.359400000000001;35.640600000000006;0.0
